{
    "mean": [
        0.043484913397392744,
        -0.03503886406756839,
        0.05393536936165004,
        0.04553522247383561,
        0.04792214945835119,
        0.01885060285207173
    ],
    "scale": [
        0.2516977020493308,
        0.25301175647575525,
        0.24920701160253345,
        0.25133486511893,
        0.2508906903441893,
        0.22391369092357857
    ],
    "features": [
        "Abnormal_URL",
        "Prefix_Suffix",
        "SSLfinal_State",
        "Shortining_Service",
        "having_At_Symbol",
        "having_Sub_Domain"
    ]
}